{
  "name": "GITHUB",
  "summary": "Provided links and based on github.com",
  "list": [
    {
      "name": "笔趣阁",
      "url": "https://www.biqubao.com",
      "category": 1,
      "rank": 0,
      "auth": false,
      "version": 103
    },
    {
      "name": "磨铁中文网",
      "url": "http://m.motie.com",
      "category": 1,
      "rank": 12,
      "auth": true,
      "version": 100,
      "beta": true
    },
    {
      "name": "稻草人书屋",
      "url": "https://www.daocaorenshuwu.com",
      "category": 3,
      "rank": 0,
      "auth": false,
      "version": 103
    },
    {
      "name": "书农小说",
      "url": "http://www.qxswk.com",
      "category": 0,
      "rank": 4,
      "auth": false,
      "version": 100
    },
    {
      "name": "作品集",
      "url": "http://zuopinj.com",
      "category": 0,
      "rank": 4,
      "auth": false,
      "version": 101
    },
    {
      "name": "读书369",
      "url": "http://www.dushu369.com",
      "category": 0,
      "rank": 0,
      "auth": false,
      "version": 101
    },
    {
      "name": "55小说网",
      "url": "http://www.liushuba.com",
      "category": 1,
      "rank": 0,
      "auth": false,
      "version": 100
    },
    {
      "name": "我的小书屋",
      "url": "https://m.sanyuedev.top",
      "category": 1,
      "rank": 3,
      "auth": false,
      "version": 101
    },
    {
      "name": "斋书苑",
      "url": "https://www.zhaishuyuan.com",
      "category": 1,
      "rank": 0,
      "auth": false,
      "version": 103
    },
    {
      "name": "亲小说",
      "url": "https://www.qinxiaoshuo.com",
      "category": 2,
      "rank": 2,
      "auth": false,
      "version": 103
    },
    {
      "name": "轻之文库",
      "url": "https://www.linovel.net",
      "category": 2,
      "rank": 24,
      "auth": false,
      "version": 101
    },
    {
      "name": "动漫之家",
      "url": "http://v3api.dmzj.com",
      "category": 2,
      "rank": 0,
      "auth": false,
      "version": 100
    }
  ]
}