{
  "name": "亲小说",
  "version": 103,
  "category": 2,
  "url": "https://www.qinxiaoshuo.com",
  "charset": "utf-8",
  "metadata": {
    "name": [".item_name > a", ".book_name"],
    "author": [".item_name > span", "div.info > a"],
    "cover": [".item_img > a > img@attr->src", "book_img@attr->src"],
    "summary": [".item_intro", ".book_intro"],
    "category": [".tags > a"],
    "status": ["div.info:nth-child(3) > span"],
    "update": ["div.info:nth-child(4) > span"],
    "link": [".item_name > a@attr->href"],
    "catalog": []
  },
  "catalog": {
    "list": ".volume",
    "orderBy": 0,
    "booklet": {
      "name": ".volume_name > h3",
      "list": ".chapters > a"
    },
    "chapter": {
      "name": "a",
      "link": "a@attr->href"
    }
  },
  "content": {
    "text": "div#chapter_content",
    "next": {
      "link": "div.buttons > p > a",
      "text": "下一页"
    }
  },
  "search": {
    "link": "https://www.qinxiaoshuo.com/search/?keyword=${key}",
    "list": "div.book_item"
  },
  "rank": {
    "link": [
      {
        "name": "日轻",
        "link": "https://www.qinxiaoshuo.com/tag/日轻"
      },
      {
        "name": "科幻",
        "link": "https://www.qinxiaoshuo.com/tag/科幻"
      }
    ],
    "list": "div.book_item",
    "page": {
      "index": 1,
      "limit": 16,
      "begin": "",
      "next": "/${index}.html"
    }
  }
}
