{
  "name": "斋书苑",
  "version": 103,
  "category": 1,
  "url": "https://www.zhaishuyuan.com",
  "charset": "gb2312",
  "metadata": {
    "name": ["dd > h3 > a", "meta[property=og:title]@attr->content"],
    "author": ["dd.book_other > span:nth-child(1)", "meta[property=og:novel:author]@attr->content"],
    "cover": ["dt > a > img@attr->_src", "meta[property=og:image]@attr->content"],
    "summary": ["dd.book_des", "meta[property=og:description]@attr->content"],
    "category": ["dd.book_other > span:nth-child(3)", "meta[property=og:novel:category]@attr->content"],
    "status": ["meta[property=og:novel:status]@attr->content"],
    "update": ["meta[property=og:novel:update_time]@attr->content"],
    "lastChapter": ["meta[property=og:novel:latest_chapter_name]@attr->content"],
    "link": ["dt > a@attr->href"],
    "catalog": ["div.motion > a@attr->href"]
  },
  "catalog": {
    "list": "#readerlists > ul > li",
    "orderBy": 0,
    "chapter": {
      "name": "a",
      "link": "a@attr->href"
    }
  },
  "content": {
    "text": "#content > p:gt(1)"
  },
  "search": {
    "link": "https://www.zhaishuyuan.com/search/@post->s=${key}",
    "list": "#sitembox > dl"
  }
}
