{
  "name": "稻草人书屋",
  "version": 103,
  "category": 3,
  "url": "https://www.daocaorenshuwu.com",
  "charset": "utf-8",
  "metadata": {
    "name": ["a@attr->title"],
    "author": ["td:nth-child(2)"],
    "cover": ["meta[property=og:image]@attr->content@js->'https:/'+${this}"],
    "summary": ["meta[property=og:description]@attr->content"],
    "category": ["meta[property=og:novel:category]@attr->content"],
    "status": ["meta[property=og:novel:status]@attr->content"],
    "update": ["meta[property=og:novel:update_time]@attr->content"],
    "lastChapter": ["meta[property=og:novel:latest_chapter_name]@attr->content"],
    "link": ["a@attr->href"],
    "catalog": []
  },
  "catalog": {
    "list": "div#all-chapter > div > div > div > div > a",
    "orderBy": 0,
    "chapter": {
      "name": "a",
      "link": "a@attr->href"
    }
  },
  "content": {
    "text": "div#content > div#cont-text",
    "next": {
      "link": "div.col-md-6 > a",
      "text": "下一页"
    },
    "filter": ["div#content > div#cont-text > style@js->${this}.replace(/\\{.+\\}/, '').trim()"]
  },
  "search": {
    "link": "https://www.daocaorenshuwu.com/plus/search.php?q=${key}",
    "list": "tbody > tr"
  }
}
