{
  "name": "笔趣阁",
  "version": 103,
  "category": 1,
  "url": "https://www.biqubao.com",
  "charset": "utf-8",
  "metadata": {
    "name": ["a.result-game-item-title-link > span"],
    "author": ["div.result-game-item-info > p:nth-child(1) > span:nth-child(2)"],
    "cover": ["img.result-game-item-pic-link-img@attr->src"],
    "summary": ["p.result-game-item-desc"],
    "category": ["div.result-game-item-info > p:nth-child(2) > span:nth-child(2)"],
    "status": ["meta[property=og:novel:status]@attr->content"],
    "update": ["meta[property=og:novel:update_time]@attr->content"],
    "lastChapter": ["meta[property=og:novel:latest_chapter_name]@attr->content"],
    "link": ["a.result-game-item-pic-link@attr->href"],
    "catalog": []
  },
  "catalog": {
    "list": "div#list > dl > dd",
    "orderBy": 0,
    "chapter": {
      "name": "a",
      "link": "a@attr->href"
    }
  },
  "content": {
    "text": "div#content"
  },
  "search": {
    "link": "https://www.biqubao.com/search.php?keyword=${key}",
    "list": "div.result-list > div"
  }
}
